ds,yhat,관광지명
2025-01-01,0.08034337797894078,대저생태공원
2025-02-01,0.1484167866584439,대저생태공원
2025-03-01,0.1735172782681305,대저생태공원
2025-04-01,0.17728369072154881,대저생태공원
2025-05-01,0.1312762536723054,대저생태공원
2025-06-01,0.1146081954719721,대저생태공원
2025-07-01,0.09977618511504387,대저생태공원
2025-08-01,0.12277880474091818,대저생태공원
2025-09-01,0.14921500106337776,대저생태공원
2025-10-01,0.17142997471708446,대저생태공원
2025-11-01,0.1404696353342094,대저생태공원
2025-12-01,0.07798771962744204,대저생태공원
2025-01-01,0.4254780476014841,강서체육공원
2025-02-01,0.3632360638806155,강서체육공원
2025-03-01,0.14530689974424837,강서체육공원
2025-04-01,0.15851157968104443,강서체육공원
2025-05-01,0.34519902871780955,강서체육공원
2025-06-01,0.3939997708223768,강서체육공원
2025-07-01,0.43066157989435194,강서체육공원
2025-08-01,0.30456675369714353,강서체육공원
2025-09-01,0.2092632586164044,강서체육공원
2025-10-01,0.15543735660022773,강서체육공원
2025-11-01,0.2527623239280059,강서체육공원
2025-12-01,0.38592999454083143,강서체육공원
2025-01-01,0.0,맥도생태공원
2025-02-01,0.01808982844894866,맥도생태공원
2025-03-01,0.1598855747233055,맥도생태공원
2025-04-01,0.12432558024094488,맥도생태공원
2025-05-01,0.033887784089783955,맥도생태공원
2025-06-01,0.016131177779367442,맥도생태공원
2025-07-01,0.009954491883320697,맥도생태공원
2025-08-01,0.00866003455739556,맥도생태공원
2025-09-01,0.02644892206614474,맥도생태공원
2025-10-01,0.05010617795018219,맥도생태공원
2025-11-01,0.023576584184957342,맥도생태공원
2025-12-01,0.00976473730751053,맥도생태공원
2025-01-01,0.03857520497531408,일광해수욕장
2025-02-01,0.05197242755581656,일광해수욕장
2025-03-01,0.052627200326139593,일광해수욕장
2025-04-01,0.05330564637924478,일광해수욕장
2025-05-01,0.054341881969218235,일광해수욕장
2025-06-01,0.05471802038280302,일광해수욕장
2025-07-01,0.05443420412002023,일광해수욕장
2025-08-01,0.052691663594750866,일광해수욕장
2025-09-01,0.055141658115475736,일광해수욕장
2025-10-01,0.058678327422379765,일광해수욕장
2025-11-01,0.05704551575485592,일광해수욕장
2025-12-01,0.05646040888207795,일광해수욕장
2025-01-01,0.4833922443123132,부산프리미엄아울렛
2025-02-01,0.4662229914403343,부산프리미엄아울렛
2025-03-01,0.5029270779810164,부산프리미엄아울렛
2025-04-01,0.4810411233606836,부산프리미엄아울렛
2025-05-01,0.4250217520813021,부산프리미엄아울렛
2025-06-01,0.3850315815338622,부산프리미엄아울렛
2025-07-01,0.34480690027113653,부산프리미엄아울렛
2025-08-01,0.31154518374218876,부산프리미엄아울렛
2025-09-01,0.5586418295046747,부산프리미엄아울렛
2025-10-01,0.5379673928400133,부산프리미엄아울렛
2025-11-01,0.5172261115838674,부산프리미엄아울렛
2025-12-01,0.528791557933594,부산프리미엄아울렛
2025-01-01,1.3223313466050002,장안사
2025-02-01,0.49853401520394297,장안사
2025-03-01,1.0551547767183524,장안사
2025-04-01,1.1274424575273951,장안사
2025-05-01,1.3020654639945852,장안사
2025-06-01,1.0329301718084953,장안사
2025-07-01,0.9236095340721782,장안사
2025-08-01,0.8004511866124329,장안사
2025-09-01,0.5574712110245721,장안사
2025-10-01,0.9519504512649828,장안사
2025-11-01,1.0405488130145133,장안사
2025-12-01,0.668586850278555,장안사
2025-01-01,0.1244275654725131,안데르센동화마을
2025-02-01,0.6256546436917738,안데르센동화마을
2025-03-01,0.5877228068775768,안데르센동화마을
2025-04-01,0.5944173918478052,안데르센동화마을
2025-05-01,0.5472225845324602,안데르센동화마을
2025-06-01,0.44614061277570966,안데르센동화마을
2025-07-01,0.30829372486012135,안데르센동화마을
2025-08-01,0.2522546329350672,안데르센동화마을
2025-09-01,0.4567270505854163,안데르센동화마을
2025-10-01,0.6348072801077118,안데르센동화마을
2025-11-01,0.7635847270376415,안데르센동화마을
2025-12-01,0.4694301130100409,안데르센동화마을
2025-01-01,0.3265180030204968,임랑해수욕장
2025-02-01,0.26260205469481396,임랑해수욕장
2025-03-01,0.1848566082667173,임랑해수욕장
2025-04-01,0.23854972355302997,임랑해수욕장
2025-05-01,0.2649303332787427,임랑해수욕장
2025-06-01,0.37197255581736605,임랑해수욕장
2025-07-01,0.5177406197249768,임랑해수욕장
2025-08-01,0.5245344494741884,임랑해수욕장
2025-09-01,0.14416092986842688,임랑해수욕장
2025-10-01,0.15338046801905014,임랑해수욕장
2025-11-01,0.11416308057280766,임랑해수욕장
2025-12-01,0.14440569993545954,임랑해수욕장
2025-01-01,0.0,야구등대
2025-02-01,2.508061754865531,야구등대
2025-03-01,0.29294800010790123,야구등대
2025-04-01,0.2481019592643735,야구등대
2025-05-01,0.32327428498181177,야구등대
2025-06-01,0.3145976495440005,야구등대
2025-07-01,0.27256906971217715,야구등대
2025-08-01,0.2089526640400879,야구등대
2025-09-01,0.11682302264525098,야구등대
2025-10-01,0.2141006599674229,야구등대
2025-11-01,0.0868915377750214,야구등대
2025-12-01,0.5129432095858254,야구등대
2025-01-01,0.2269071980174819,아홉산숲
2025-02-01,0.20336036463577342,아홉산숲
2025-03-01,0.2305859165631753,아홉산숲
2025-04-01,0.24923006144305074,아홉산숲
2025-05-01,0.23775038841538887,아홉산숲
2025-06-01,0.24847522901950098,아홉산숲
2025-07-01,0.24038902509884555,아홉산숲
2025-08-01,0.22638804005187793,아홉산숲
2025-09-01,0.2409034554826943,아홉산숲
2025-10-01,0.25020791781660434,아홉산숲
2025-11-01,0.23728956783449945,아홉산숲
2025-12-01,0.2318565766722706,아홉산숲
2025-01-01,0.02981658626238643,부산치유의숲
2025-02-01,0.022900428881357685,부산치유의숲
2025-03-01,0.029680614087030564,부산치유의숲
2025-04-01,0.03508540541621121,부산치유의숲
2025-05-01,0.034184314326547074,부산치유의숲
2025-06-01,0.030201827404141988,부산치유의숲
2025-07-01,0.02981518522607021,부산치유의숲
2025-08-01,0.02089755672787887,부산치유의숲
2025-09-01,0.028871369881665644,부산치유의숲
2025-10-01,0.035327957248720745,부산치유의숲
2025-11-01,0.03899381508643822,부산치유의숲
2025-12-01,0.02492074222397615,부산치유의숲
2025-01-01,0.010210069955291676,금정산성
2025-02-01,0.012388932003624798,금정산성
2025-03-01,0.010213218868041937,금정산성
2025-04-01,0.011176637580240203,금정산성
2025-05-01,0.011042539236309871,금정산성
2025-06-01,0.010590159267655486,금정산성
2025-07-01,0.00973691420897104,금정산성
2025-08-01,0.009218719490570397,금정산성
2025-09-01,0.009333589272202293,금정산성
2025-10-01,0.01093051192688766,금정산성
2025-11-01,0.010395791320015156,금정산성
2025-12-01,0.010195989568635136,금정산성
2025-01-01,0.23722021377078426,범어사
2025-02-01,0.2439800671599461,범어사
2025-03-01,0.3042104536164908,범어사
2025-04-01,0.3220679121398628,범어사
2025-05-01,0.3781066091710179,범어사
2025-06-01,0.33309834271861494,범어사
2025-07-01,0.2916583625335538,범어사
2025-08-01,0.2860756811545689,범어사
2025-09-01,0.3159430606320236,범어사
2025-10-01,0.42201689058615666,범어사
2025-11-01,0.47669396736870545,범어사
2025-12-01,0.3867775128319293,범어사
2025-01-01,0.02503644307298607,회동수원지
2025-02-01,0.014135830647106357,회동수원지
2025-03-01,0.02583106787667458,회동수원지
2025-04-01,0.02794967771593435,회동수원지
2025-05-01,0.027797810780210166,회동수원지
2025-06-01,0.025741283689083547,회동수원지
2025-07-01,0.020969848789014218,회동수원지
2025-08-01,0.02516765274033638,회동수원지
2025-09-01,0.023560495287805874,회동수원지
2025-10-01,0.028746558769982174,회동수원지
2025-11-01,0.027107262955037285,회동수원지
2025-12-01,0.02347964056020137,회동수원지
2025-01-01,0.0461787046355154,서동미로시장
2025-02-01,0.05612209098438413,서동미로시장
2025-03-01,0.05295525183079204,서동미로시장
2025-04-01,0.05610470851194447,서동미로시장
2025-05-01,0.053120520774739444,서동미로시장
2025-06-01,0.052817861568283234,서동미로시장
2025-07-01,0.056687638817853325,서동미로시장
2025-08-01,0.053927611862106185,서동미로시장
2025-09-01,0.05653793226245392,서동미로시장
2025-10-01,0.058639456517648604,서동미로시장
2025-11-01,0.05668668800945592,서동미로시장
2025-12-01,0.05374952335339496,서동미로시장
2025-01-01,0.5029701560494968,부산박물관
2025-02-01,0.38691408547620715,부산박물관
2025-03-01,0.42295602437995194,부산박물관
2025-04-01,0.42958083162506083,부산박물관
2025-05-01,0.4426746688310138,부산박물관
2025-06-01,0.4587692406148935,부산박물관
2025-07-01,0.5154338077020689,부산박물관
2025-08-01,0.4353737115733768,부산박물관
2025-09-01,0.46559184599687803,부산박물관
2025-10-01,0.3699870694797804,부산박물관
2025-11-01,0.41767262636485286,부산박물관
2025-12-01,0.5172260787569963,부산박물관
2025-01-01,0.0,UN공원
2025-02-01,0.028703238261063024,UN공원
2025-03-01,0.05811259556150182,UN공원
2025-04-01,0.060674655591022544,UN공원
2025-05-01,0.051107377741260715,UN공원
2025-06-01,0.04881323389311732,UN공원
2025-07-01,0.029572019541135586,UN공원
2025-08-01,0.021120932433898877,UN공원
2025-09-01,0.04882647820314444,UN공원
2025-10-01,0.0781017021414326,UN공원
2025-11-01,0.06541250844064761,UN공원
2025-12-01,0.025003133578271327,UN공원
2025-01-01,0.6557037879912295,용호만유람선부두
2025-02-01,0.7345099620256468,용호만유람선부두
2025-03-01,0.4625320057681149,용호만유람선부두
2025-04-01,0.5752974378459923,용호만유람선부두
2025-05-01,0.5620280554980995,용호만유람선부두
2025-06-01,0.6209128484406883,용호만유람선부두
2025-07-01,0.7836944565022219,용호만유람선부두
2025-08-01,0.7415653060686702,용호만유람선부두
2025-09-01,0.7089364446994598,용호만유람선부두
2025-10-01,0.5930325483278404,용호만유람선부두
2025-11-01,0.6675413858076074,용호만유람선부두
2025-12-01,0.7650440479869217,용호만유람선부두
2025-01-01,0.12370357001701884,이기대도시자연공원
2025-02-01,0.08847228215282507,이기대도시자연공원
2025-03-01,0.17388570393132063,이기대도시자연공원
2025-04-01,0.17267408511332424,이기대도시자연공원
2025-05-01,0.15658799948695093,이기대도시자연공원
2025-06-01,0.1414827831832728,이기대도시자연공원
2025-07-01,0.11713650256676476,이기대도시자연공원
2025-08-01,0.11145765028493063,이기대도시자연공원
2025-09-01,0.13791286015661333,이기대도시자연공원
2025-10-01,0.1540796164695604,이기대도시자연공원
2025-11-01,0.14656691730039614,이기대도시자연공원
2025-12-01,0.11612552022360417,이기대도시자연공원
2025-01-01,0.3430756483317501,오륙도스카이워크
2025-02-01,0.4807211894201438,오륙도스카이워크
2025-03-01,0.4398277342315819,오륙도스카이워크
2025-04-01,0.5811297923842744,오륙도스카이워크
2025-05-01,0.5331288672186867,오륙도스카이워크
2025-06-01,0.39385960097044703,오륙도스카이워크
2025-07-01,0.4003501533610334,오륙도스카이워크
2025-08-01,0.33410428053370683,오륙도스카이워크
2025-09-01,0.4168720939276137,오륙도스카이워크
2025-10-01,0.4448627481514384,오륙도스카이워크
2025-11-01,0.44632443424553625,오륙도스카이워크
2025-12-01,0.4231471833256481,오륙도스카이워크
2025-01-01,0.5086614507655591,부산항대교
2025-02-01,0.7263558935224176,부산항대교
2025-03-01,0.6478114016334416,부산항대교
2025-04-01,0.7006647443062953,부산항대교
2025-05-01,0.6658029412675511,부산항대교
2025-06-01,0.627781567409876,부산항대교
2025-07-01,0.6334486369359306,부산항대교
2025-08-01,0.5740123167444878,부산항대교
2025-09-01,0.606141092379288,부산항대교
2025-10-01,0.6291941129654415,부산항대교
2025-11-01,0.6411966970232208,부산항대교
2025-12-01,0.6178100336693214,부산항대교
2025-01-01,0.3671861966259031,상해거리
2025-02-01,0.501460328275136,상해거리
2025-03-01,0.4417653729965596,상해거리
2025-04-01,0.44718568417680693,상해거리
2025-05-01,0.42636820869482156,상해거리
2025-06-01,0.4169017667682282,상해거리
2025-07-01,0.4496140105695954,상해거리
2025-08-01,0.40660501559039985,상해거리
2025-09-01,0.4070613523706289,상해거리
2025-10-01,0.4234402172321951,상해거리
2025-11-01,0.4386199361309319,상해거리
2025-12-01,0.418884954051933,상해거리
2025-01-01,0.16264861588249013,초량이바구길
2025-02-01,0.23951131783374255,초량이바구길
2025-03-01,0.2181906853330549,초량이바구길
2025-04-01,0.23132180561565022,초량이바구길
2025-05-01,0.22672980778014956,초량이바구길
2025-06-01,0.21695456693193585,초량이바구길
2025-07-01,0.23533573717196973,초량이바구길
2025-08-01,0.2309744392490162,초량이바구길
2025-09-01,0.2353110953962146,초량이바구길
2025-10-01,0.2456145851560299,초량이바구길
2025-11-01,0.25036306862323143,초량이바구길
2025-12-01,0.23755697846922103,초량이바구길
2025-01-01,0.06282521243136499,동래읍성
2025-02-01,0.05644989482483652,동래읍성
2025-03-01,0.05937623665623152,동래읍성
2025-04-01,0.05602823223709084,동래읍성
2025-05-01,0.05476511693039831,동래읍성
2025-06-01,0.05814734369447512,동래읍성
2025-07-01,0.058151873961886855,동래읍성
2025-08-01,0.05401494777855125,동래읍성
2025-09-01,0.05246473571417317,동래읍성
2025-10-01,0.05804107176957215,동래읍성
2025-11-01,0.05599485124406531,동래읍성
2025-12-01,0.05231286284251336,동래읍성
2025-01-01,1.6287348569790379,동래온천
2025-02-01,1.0921705158036086,동래온천
2025-03-01,1.4506854957842843,동래온천
2025-04-01,1.44500427179281,동래온천
2025-05-01,1.4221165658933084,동래온천
2025-06-01,1.419837121439447,동래온천
2025-07-01,1.368022038965721,동래온천
2025-08-01,1.1583159256582753,동래온천
2025-09-01,1.236199187506994,동래온천
2025-10-01,1.2928157340739945,동래온천
2025-11-01,1.3266734683955266,동래온천
2025-12-01,1.593505145984683,동래온천
2025-01-01,0.004515592910717174,금강공원
2025-02-01,0.03298087904410925,금강공원
2025-03-01,0.05489068021763496,금강공원
2025-04-01,0.07604439990964243,금강공원
2025-05-01,0.070852631918281,금강공원
2025-06-01,0.06265285168635054,금강공원
2025-07-01,0.03147681680657854,금강공원
2025-08-01,0.028661662752536347,금강공원
2025-09-01,0.04408376012230811,금강공원
2025-10-01,0.07313019509864897,금강공원
2025-11-01,0.07271709989490724,금강공원
2025-12-01,0.024115241803734696,금강공원
2025-01-01,0.704040127350507,부전마켓타운
2025-02-01,0.14325400139991729,부전마켓타운
2025-03-01,0.30821876848709007,부전마켓타운
2025-04-01,0.19228361557964663,부전마켓타운
2025-05-01,0.17303745221211808,부전마켓타운
2025-06-01,0.2524394504660269,부전마켓타운
2025-07-01,0.3360190086087163,부전마켓타운
2025-08-01,0.3635148349853448,부전마켓타운
2025-09-01,0.2899481068996121,부전마켓타운
2025-10-01,0.23452047937376846,부전마켓타운
2025-11-01,0.34095705526029346,부전마켓타운
2025-12-01,0.3991025380039405,부전마켓타운
2025-01-01,0.17229270264312158,송상현광장
2025-02-01,1.5926585226529233,송상현광장
2025-03-01,1.1965443093683168,송상현광장
2025-04-01,1.6380486577515483,송상현광장
2025-05-01,1.6155425041312774,송상현광장
2025-06-01,1.3125431694557759,송상현광장
2025-07-01,1.2100233115278245,송상현광장
2025-08-01,1.1523692441356648,송상현광장
2025-09-01,1.1787932635315133,송상현광장
2025-10-01,1.6055684477849617,송상현광장
2025-11-01,1.3854765421937032,송상현광장
2025-12-01,1.1500298505792976,송상현광장
2025-01-01,2.3058865669155977,전포카페거리
2025-02-01,2.3654935306247302,전포카페거리
2025-03-01,2.7020046613179054,전포카페거리
2025-04-01,2.7920738534580525,전포카페거리
2025-05-01,2.7307849112280396,전포카페거리
2025-06-01,2.7032861491068507,전포카페거리
2025-07-01,2.86713231440448,전포카페거리
2025-08-01,2.5845643232936113,전포카페거리
2025-09-01,2.561976074414446,전포카페거리
2025-10-01,2.6627670696055685,전포카페거리
2025-11-01,2.7226254432130452,전포카페거리
2025-12-01,2.726117691693523,전포카페거리
2025-01-01,0.5606246576080898,황령산
2025-02-01,0.8317099174892446,황령산
2025-03-01,0.7034525676356457,황령산
2025-04-01,0.7329274418042598,황령산
2025-05-01,0.6987901961729344,황령산
2025-06-01,0.6915207485519679,황령산
2025-07-01,0.7633275904404839,황령산
2025-08-01,0.7129257663946479,황령산
2025-09-01,0.6827931126152504,황령산
2025-10-01,0.7132692790661254,황령산
2025-11-01,0.7605843600583087,황령산
2025-12-01,0.7227972012158665,황령산
2025-01-01,0.333399592147985,호천마을
2025-02-01,0.47722349686198917,호천마을
2025-03-01,0.4368648884506789,호천마을
2025-04-01,0.4659063024965829,호천마을
2025-05-01,0.45853502236965926,호천마을
2025-06-01,0.4446344774884985,호천마을
2025-07-01,0.4906039302658029,호천마을
2025-08-01,0.4543639692528067,호천마을
2025-09-01,0.45513090639848675,호천마을
2025-10-01,0.4752198185810232,호천마을
2025-11-01,0.479001909222673,호천마을
2025-12-01,0.46773409724870835,호천마을
2025-01-01,0.0,성지곡수원지
2025-02-01,0.19090434990429833,성지곡수원지
2025-03-01,0.17354310054042935,성지곡수원지
2025-04-01,0.13042389754010678,성지곡수원지
2025-05-01,0.05316788503250494,성지곡수원지
2025-06-01,0.17440316249492566,성지곡수원지
2025-07-01,0.11258419818701412,성지곡수원지
2025-08-01,0.16074898136295737,성지곡수원지
2025-09-01,0.18365338041560364,성지곡수원지
2025-10-01,0.22316645044219818,성지곡수원지
2025-11-01,0.20350965009338004,성지곡수원지
2025-12-01,0.15216129305171008,성지곡수원지
2025-01-01,0.010593073836542835,화명생태공원
2025-02-01,0.00687539643386962,화명생태공원
2025-03-01,0.008505920643102191,화명생태공원
2025-04-01,0.008940602333831479,화명생태공원
2025-05-01,0.009016165672590004,화명생태공원
2025-06-01,0.009390696385092764,화명생태공원
2025-07-01,0.00873694687367377,화명생태공원
2025-08-01,0.008087537637726858,화명생태공원
2025-09-01,0.008642542625560091,화명생태공원
2025-10-01,0.008609858766361682,화명생태공원
2025-11-01,0.00842946946759067,화명생태공원
2025-12-01,0.008132004980711843,화명생태공원
2025-01-01,0.10670471906987691,문화빙상센터
2025-02-01,0.12012449624718544,문화빙상센터
2025-03-01,0.05446247232945056,문화빙상센터
2025-04-01,0.05897995637691518,문화빙상센터
2025-05-01,0.04802928590939499,문화빙상센터
2025-06-01,0.06699330889387035,문화빙상센터
2025-07-01,0.07676915555225888,문화빙상센터
2025-08-01,0.06405054936295396,문화빙상센터
2025-09-01,0.06293438636802645,문화빙상센터
2025-10-01,0.059663394956876004,문화빙상센터
2025-11-01,0.05221082970349335,문화빙상센터
2025-12-01,0.061287640266377626,문화빙상센터
2025-01-01,0.40697720026094014,부산어촌민속관
2025-02-01,0.17911662289308067,부산어촌민속관
2025-03-01,0.4293948212877121,부산어촌민속관
2025-04-01,0.4529149226278752,부산어촌민속관
2025-05-01,0.4881190554521226,부산어촌민속관
2025-06-01,0.46446963964315113,부산어촌민속관
2025-07-01,0.3975869457524527,부산어촌민속관
2025-08-01,0.38541361029898163,부산어촌민속관
2025-09-01,0.42237864017525867,부산어촌민속관
2025-10-01,0.4274310479545067,부산어촌민속관
2025-11-01,0.43055004126686114,부산어촌민속관
2025-12-01,0.38431311591215944,부산어촌민속관
2025-01-01,0.09125798786375758,구포시장
2025-02-01,0.1043614522753045,구포시장
2025-03-01,0.09986236467152362,구포시장
2025-04-01,0.09955604722295011,구포시장
2025-05-01,0.08676903149245527,구포시장
2025-06-01,0.09097039531273321,구포시장
2025-07-01,0.08875617317041101,구포시장
2025-08-01,0.08984032229239172,구포시장
2025-09-01,0.10183793066187609,구포시장
2025-10-01,0.10184163350209775,구포시장
2025-11-01,0.09794693042199615,구포시장
2025-12-01,0.09912390225832017,구포시장
2025-01-01,0.02003663147602816,삼락생태공원
2025-02-01,0.027840741781995387,삼락생태공원
2025-03-01,0.023202644489509965,삼락생태공원
2025-04-01,0.0245461534226641,삼락생태공원
2025-05-01,0.02217744590198893,삼락생태공원
2025-06-01,0.02068995652910583,삼락생태공원
2025-07-01,0.021620620408709806,삼락생태공원
2025-08-01,0.01996125002601366,삼락생태공원
2025-09-01,0.019312413660248638,삼락생태공원
2025-10-01,0.020253904053090674,삼락생태공원
2025-11-01,0.019762709913946765,삼락생태공원
2025-12-01,0.017930791980462046,삼락생태공원
2025-01-01,0.0,사상인디스테이션
2025-02-01,0.0,사상인디스테이션
2025-03-01,0.1102765600424524,사상인디스테이션
2025-04-01,0.09475057248878407,사상인디스테이션
2025-05-01,0.11922945421076764,사상인디스테이션
2025-06-01,0.12940591505288296,사상인디스테이션
2025-07-01,0.2568805675757593,사상인디스테이션
2025-08-01,0.18821998953996963,사상인디스테이션
2025-09-01,0.16133614011900854,사상인디스테이션
2025-10-01,0.18832512125054054,사상인디스테이션
2025-11-01,0.19691539389494503,사상인디스테이션
2025-12-01,0.0912445647621825,사상인디스테이션
2025-01-01,1.0606370858069458,감천문화마을
2025-02-01,1.1540414907488934,감천문화마을
2025-03-01,0.8517879472269239,감천문화마을
2025-04-01,0.9187208663276866,감천문화마을
2025-05-01,0.8897820013818873,감천문화마을
2025-06-01,0.8806858293580517,감천문화마을
2025-07-01,0.8817614976642726,감천문화마을
2025-08-01,0.8986568146041152,감천문화마을
2025-09-01,0.863595713863163,감천문화마을
2025-10-01,0.928841739052197,감천문화마을
2025-11-01,0.8808867493309411,감천문화마을
2025-12-01,0.888572095245297,감천문화마을
2025-01-01,0.6772095508171491,부네치아
2025-02-01,0.8816103925791371,부네치아
2025-03-01,0.832437387985559,부네치아
2025-04-01,0.8583469500352859,부네치아
2025-05-01,0.8110108007295251,부네치아
2025-06-01,0.7552759677749398,부네치아
2025-07-01,0.7606374648244979,부네치아
2025-08-01,0.670662305722321,부네치아
2025-09-01,0.6440029984599488,부네치아
2025-10-01,0.7142701198706262,부네치아
2025-11-01,0.7111511287796236,부네치아
2025-12-01,0.6843594353632578,부네치아
2025-01-01,0.36248593451911887,아미산전망대
2025-02-01,0.6957316709080854,아미산전망대
2025-03-01,0.6317934731187602,아미산전망대
2025-04-01,0.5482358120297227,아미산전망대
2025-05-01,0.44049570404438804,아미산전망대
2025-06-01,0.30996927512271916,아미산전망대
2025-07-01,0.13094847403550552,아미산전망대
2025-08-01,0.11663371607853634,아미산전망대
2025-09-01,0.3229150938629697,아미산전망대
2025-10-01,0.38469461918406395,아미산전망대
2025-11-01,0.5073589157048444,아미산전망대
2025-12-01,0.5943136462732558,아미산전망대
2025-01-01,0.0864742722665803,다대포해수욕장
2025-02-01,0.13159950244411275,다대포해수욕장
2025-03-01,0.1434848625037685,다대포해수욕장
2025-04-01,0.13966957723297327,다대포해수욕장
2025-05-01,0.1241602559480684,다대포해수욕장
2025-06-01,0.12073031866686915,다대포해수욕장
2025-07-01,0.13884397212523616,다대포해수욕장
2025-08-01,0.12057081358047725,다대포해수욕장
2025-09-01,0.1166815341102049,다대포해수욕장
2025-10-01,0.13185656586376038,다대포해수욕장
2025-11-01,0.1440471096359165,다대포해수욕장
2025-12-01,0.133927572027762,다대포해수욕장
2025-01-01,0.45558812828510764,다대포낙조분수
2025-02-01,0.2985441553909936,다대포낙조분수
2025-03-01,0.38058551279163894,다대포낙조분수
2025-04-01,0.5825929820751408,다대포낙조분수
2025-05-01,0.6743645165646389,다대포낙조분수
2025-06-01,0.6462548522455565,다대포낙조분수
2025-07-01,0.5406037755625596,다대포낙조분수
2025-08-01,0.5850459994930131,다대포낙조분수
2025-09-01,0.6820507131241241,다대포낙조분수
2025-10-01,0.5273744552076545,다대포낙조분수
2025-11-01,0.3169664983952443,다대포낙조분수
2025-12-01,0.35002357478073826,다대포낙조분수
2025-01-01,0.34993837955639057,을숙도
2025-02-01,0.2571782212494733,을숙도
2025-03-01,0.5354057323520385,을숙도
2025-04-01,0.5319651619543938,을숙도
2025-05-01,0.4911870073785424,을숙도
2025-06-01,0.41246643244148085,을숙도
2025-07-01,0.3693978416485206,을숙도
2025-08-01,0.34438012964946096,을숙도
2025-09-01,0.4945490865728285,을숙도
2025-10-01,0.5075742002827263,을숙도
2025-11-01,0.48990983826735873,을숙도
2025-12-01,0.3827531849296232,을숙도
2025-01-01,0.24465074735057415,낙동강에코센터
2025-02-01,0.05973676054717758,낙동강에코센터
2025-03-01,0.23447901469487145,낙동강에코센터
2025-04-01,0.3213743763175215,낙동강에코센터
2025-05-01,0.48427711535984785,낙동강에코센터
2025-06-01,0.4319132454718261,낙동강에코센터
2025-07-01,0.31104323187035376,낙동강에코센터
2025-08-01,0.2323317678920667,낙동강에코센터
2025-09-01,0.352373684852968,낙동강에코센터
2025-10-01,0.36960570109673974,낙동강에코센터
2025-11-01,0.6075413588158083,낙동강에코센터
2025-12-01,0.5242913850717168,낙동강에코센터
2025-01-01,0.18370295576258777,송도해수욕장
2025-02-01,0.2286632236384509,송도해수욕장
2025-03-01,0.19860567946672714,송도해수욕장
2025-04-01,0.2295462384685752,송도해수욕장
2025-05-01,0.2362145660069744,송도해수욕장
2025-06-01,0.24330013472585907,송도해수욕장
2025-07-01,0.290587577768473,송도해수욕장
2025-08-01,0.28962634015744965,송도해수욕장
2025-09-01,0.23812773885925592,송도해수욕장
2025-10-01,0.24344284464189042,송도해수욕장
2025-11-01,0.24548211662298175,송도해수욕장
2025-12-01,0.22455876683920453,송도해수욕장
2025-01-01,4.987247119543108,송도용궁구름다리
2025-02-01,3.2522498599497114,송도용궁구름다리
2025-03-01,4.54369320502232,송도용궁구름다리
2025-04-01,4.220108487666632,송도용궁구름다리
2025-05-01,3.631148495077181,송도용궁구름다리
2025-06-01,2.755650674838518,송도용궁구름다리
2025-07-01,1.8235480183445445,송도용궁구름다리
2025-08-01,1.4112348607371343,송도용궁구름다리
2025-09-01,2.8830401531184626,송도용궁구름다리
2025-10-01,2.9921683236166507,송도용궁구름다리
2025-11-01,3.264729554456272,송도용궁구름다리
2025-12-01,3.9254213156818043,송도용궁구름다리
2025-01-01,0.0010438862113773865,남항대교
2025-02-01,0.0029223454525421086,남항대교
2025-03-01,0.0028871355391319148,남항대교
2025-04-01,0.0027489936357213817,남항대교
2025-05-01,0.002456918497829374,남항대교
2025-06-01,0.0019477521911536288,남항대교
2025-07-01,0.0014608566057268697,남항대교
2025-08-01,0.0010029206624704488,남항대교
2025-09-01,0.002080158522056698,남항대교
2025-10-01,0.003093534573884357,남항대교
2025-11-01,0.002873227033854,남항대교
2025-12-01,0.0022315791511924436,남항대교
2025-01-01,0.028163240612323753,석당박물관
2025-02-01,0.19358869910893972,석당박물관
2025-03-01,0.19280727301788245,석당박물관
2025-04-01,0.22024375266184265,석당박물관
2025-05-01,0.20762368080911722,석당박물관
2025-06-01,0.16569085985796836,석당박물관
2025-07-01,0.15985423382125374,석당박물관
2025-08-01,0.15016531961544247,석당박물관
2025-09-01,0.21063997761037334,석당박물관
2025-10-01,0.22500653638385815,석당박물관
2025-11-01,0.23554583080784874,석당박물관
2025-12-01,0.1838270234663203,석당박물관
2025-01-01,0.020370425635308408,구덕운동장
2025-02-01,0.02172367062486583,구덕운동장
2025-03-01,0.03357120333472394,구덕운동장
2025-04-01,0.035370280132298475,구덕운동장
2025-05-01,0.03402765138844907,구덕운동장
2025-06-01,0.03462384773570918,구덕운동장
2025-07-01,0.03300252531526077,구덕운동장
2025-08-01,0.02666985027970909,구덕운동장
2025-09-01,0.03713113575170589,구덕운동장
2025-10-01,0.038241583868319245,구덕운동장
2025-11-01,0.03908936113512781,구덕운동장
2025-12-01,0.03793530108294258,구덕운동장
2025-01-01,0.03936841616298803,구덕야영장
2025-02-01,0.053011107136340524,구덕야영장
2025-03-01,0.07202598918197002,구덕야영장
2025-04-01,0.07590409840693951,구덕야영장
2025-05-01,0.0725709063618366,구덕야영장
2025-06-01,0.0741927226466529,구덕야영장
2025-07-01,0.06499676560625589,구덕야영장
2025-08-01,0.05016341691375978,구덕야영장
2025-09-01,0.07031837741986346,구덕야영장
2025-10-01,0.07478770484795645,구덕야영장
2025-11-01,0.06982326612670389,구덕야영장
2025-12-01,0.06912888231923406,구덕야영장
2025-01-01,0.002376842823041679,광안대교
2025-02-01,0.006100463757905,광안대교
2025-03-01,0.00524128459205236,광안대교
2025-04-01,0.006173593335952941,광안대교
2025-05-01,0.005591899953189557,광안대교
2025-06-01,0.005985367465027353,광안대교
2025-07-01,0.006585404394582407,광안대교
2025-08-01,0.005799362546246356,광안대교
2025-09-01,0.006093796704898861,광안대교
2025-10-01,0.006364374672213308,광안대교
2025-11-01,0.006738460543373902,광안대교
2025-12-01,0.0065030567147982225,광안대교
2025-01-01,0.0071641861123740635,광안리SUPZONE
2025-02-01,0.003203615642567434,광안리SUPZONE
2025-03-01,0.001544680495435742,광안리SUPZONE
2025-04-01,0.0021936932744777643,광안리SUPZONE
2025-05-01,0.0022411437627771805,광안리SUPZONE
2025-06-01,0.002256947124864163,광안리SUPZONE
2025-07-01,0.00910827826679232,광안리SUPZONE
2025-08-01,0.004431583491156005,광안리SUPZONE
2025-09-01,0.0011312249773514937,광안리SUPZONE
2025-10-01,0.0012112747140916283,광안리SUPZONE
2025-11-01,0.0003468501539947973,광안리SUPZONE
2025-12-01,0.00019429255432795874,광안리SUPZONE
2025-01-01,0.31084683605800795,태종대
2025-02-01,0.39034568662641655,태종대
2025-03-01,0.41147138897994,태종대
2025-04-01,0.43153153470819966,태종대
2025-05-01,0.4147335171715282,태종대
2025-06-01,0.41279751381711977,태종대
2025-07-01,0.37052709982953863,태종대
2025-08-01,0.33745023501571536,태종대
2025-09-01,0.3593745257483827,태종대
2025-10-01,0.40656903082803436,태종대
2025-11-01,0.4543114779298074,태종대
2025-12-01,0.3929607631846716,태종대
2025-01-01,0.19147996463812245,국립해양박물관
2025-02-01,0.08853742681292466,국립해양박물관
2025-03-01,0.14679969229889306,국립해양박물관
2025-04-01,0.15075875210142398,국립해양박물관
2025-05-01,0.1518785896846926,국립해양박물관
2025-06-01,0.13949674768109435,국립해양박물관
2025-07-01,0.15317840412866382,국립해양박물관
2025-08-01,0.1557418213302682,국립해양박물관
2025-09-01,0.17066477286192142,국립해양박물관
2025-10-01,0.14554432313172277,국립해양박물관
2025-11-01,0.1340292239325471,국립해양박물관
2025-12-01,0.14390415150947714,국립해양박물관
2025-01-01,0.0,아미르공원
2025-02-01,0.007408144147241867,아미르공원
2025-03-01,0.011083247808441313,아미르공원
2025-04-01,0.0097324511807563,아미르공원
2025-05-01,0.01766538680968277,아미르공원
2025-06-01,0.006093545903159634,아미르공원
2025-07-01,0.00563184606360173,아미르공원
2025-08-01,0.005259244070389761,아미르공원
2025-09-01,0.006106601149849691,아미르공원
2025-10-01,0.04131090934939577,아미르공원
2025-11-01,0.011923216668499381,아미르공원
2025-12-01,0.0011021719938145852,아미르공원
2025-01-01,2.531311628112051,흰여울문화마을
2025-02-01,3.3216130113619937,흰여울문화마을
2025-03-01,3.279782652995758,흰여울문화마을
2025-04-01,3.3367888016533507,흰여울문화마을
2025-05-01,3.1158370556771993,흰여울문화마을
2025-06-01,3.0678689454141037,흰여울문화마을
2025-07-01,3.1689737451447075,흰여울문화마을
2025-08-01,2.7932724165171625,흰여울문화마을
2025-09-01,2.9392790935340556,흰여울문화마을
2025-10-01,3.1741008714836205,흰여울문화마을
2025-11-01,3.18505959790932,흰여울문화마을
2025-12-01,3.157834405602033,흰여울문화마을
2025-01-01,0.0059753492934792535,절영해안산책로
2025-02-01,0.005508295072220882,절영해안산책로
2025-03-01,0.007557590410460597,절영해안산책로
2025-04-01,0.008341528467615371,절영해안산책로
2025-05-01,0.010555229157289191,절영해안산책로
2025-06-01,0.007501402181176077,절영해안산책로
2025-07-01,0.006612011884400099,절영해안산책로
2025-08-01,0.005745012682069555,절영해안산책로
2025-09-01,0.007724915378906473,절영해안산책로
2025-10-01,0.00828234171373442,절영해안산책로
2025-11-01,0.006218986673726648,절영해안산책로
2025-12-01,0.0045547396746670145,절영해안산책로
2025-01-01,0.02606714840058853,영도대교
2025-02-01,0.040762340867985,영도대교
2025-03-01,0.033845393238484754,영도대교
2025-04-01,0.04026165968197597,영도대교
2025-05-01,0.034725022939339975,영도대교
2025-06-01,0.03352457632658519,영도대교
2025-07-01,0.03569048530141809,영도대교
2025-08-01,0.03408620966813154,영도대교
2025-09-01,0.03213697659316503,영도대교
2025-10-01,0.03351508258525208,영도대교
2025-11-01,0.033506545940275474,영도대교
2025-12-01,0.032351587787847115,영도대교
2025-01-01,0.07004059694198816,깡깡이예술마을
2025-02-01,0.09303073181416097,깡깡이예술마을
2025-03-01,0.07233242390212555,깡깡이예술마을
2025-04-01,0.06720743669371962,깡깡이예술마을
2025-05-01,0.06306725247664034,깡깡이예술마을
2025-06-01,0.060163944497072526,깡깡이예술마을
2025-07-01,0.059490183524053095,깡깡이예술마을
2025-08-01,0.0481862197196839,깡깡이예술마을
2025-09-01,0.05832941444010155,깡깡이예술마을
2025-10-01,0.06504694386045902,깡깡이예술마을
2025-11-01,0.06715414771315585,깡깡이예술마을
2025-12-01,0.06986593143170454,깡깡이예술마을
2025-01-01,0.07053190937931396,용두산공원
2025-02-01,0.12859359408186688,용두산공원
2025-03-01,0.19396790507149445,용두산공원
2025-04-01,0.21169126763730695,용두산공원
2025-05-01,0.18761827374703868,용두산공원
2025-06-01,0.1597734961845651,용두산공원
2025-07-01,0.1448430795147118,용두산공원
2025-08-01,0.13185857111509197,용두산공원
2025-09-01,0.19595832605791957,용두산공원
2025-10-01,0.20503620987834129,용두산공원
2025-11-01,0.2086814284814086,용두산공원
2025-12-01,0.18887540873791284,용두산공원
2025-01-01,0.16493094687815527,자갈치시장
2025-02-01,0.22816481584236095,자갈치시장
2025-03-01,0.24164135897790007,자갈치시장
2025-04-01,0.2594955037091504,자갈치시장
2025-05-01,0.22089514991753387,자갈치시장
2025-06-01,0.24916417691684956,자갈치시장
2025-07-01,0.23859017399619986,자갈치시장
2025-08-01,0.20482597896914329,자갈치시장
2025-09-01,0.22533248802266054,자갈치시장
2025-10-01,0.26122195482143823,자갈치시장
2025-11-01,0.23932590760522718,자갈치시장
2025-12-01,0.21812017297194297,자갈치시장
2025-01-01,0.3850719761971178,국제시장
2025-02-01,0.28776278678692174,국제시장
2025-03-01,0.30761864439826225,국제시장
2025-04-01,0.27703999827754455,국제시장
2025-05-01,0.27812137450762375,국제시장
2025-06-01,0.25973837817658,국제시장
2025-07-01,0.2875915171926583,국제시장
2025-08-01,0.279025164329809,국제시장
2025-09-01,0.2807679309171844,국제시장
2025-10-01,0.26521624781193853,국제시장
2025-11-01,0.27739029612526717,국제시장
2025-12-01,0.3427873568069012,국제시장
2025-01-01,0.02379611293500849,비프광장
2025-02-01,0.05506365422411201,비프광장
2025-03-01,0.05616109267626266,비프광장
2025-04-01,0.059021051240233026,비프광장
2025-05-01,0.054453332741981185,비프광장
2025-06-01,0.0486263575474817,비프광장
2025-07-01,0.05194521916053554,비프광장
2025-08-01,0.0410876419173288,비프광장
2025-09-01,0.04421544084702056,비프광장
2025-10-01,0.0683364828234839,비프광장
2025-11-01,0.05112505752044947,비프광장
2025-12-01,0.04680882834574424,비프광장
2025-01-01,0.12946931585747312,보수동책방골목
2025-02-01,0.36141044469077444,보수동책방골목
2025-03-01,0.3273302463560798,보수동책방골목
2025-04-01,0.3222948135869395,보수동책방골목
2025-05-01,0.30071637701357296,보수동책방골목
2025-06-01,0.28545584006788743,보수동책방골목
2025-07-01,0.3035319723858434,보수동책방골목
2025-08-01,0.2387255750295329,보수동책방골목
2025-09-01,0.2929302780524805,보수동책방골목
2025-10-01,0.33457607345728096,보수동책방골목
2025-11-01,0.2983336091062861,보수동책방골목
2025-12-01,0.26062206561728163,보수동책방골목
2025-01-01,0.02858302011738198,누리마루
2025-02-01,0.020354130542148657,누리마루
2025-03-01,0.12451215342587725,누리마루
2025-04-01,0.13773383652362495,누리마루
2025-05-01,0.0979140052058384,누리마루
2025-06-01,0.08529020621828833,누리마루
2025-07-01,0.0535739760466022,누리마루
2025-08-01,0.04794285825127262,누리마루
2025-09-01,0.10909712225728434,누리마루
2025-10-01,0.1480507123122332,누리마루
2025-11-01,0.17026247828474955,누리마루
2025-12-01,0.12335013244745266,누리마루
2025-01-01,0.5930562461482974,더베이101
2025-02-01,0.6878950296126118,더베이101
2025-03-01,0.7099685432759124,더베이101
2025-04-01,0.7379569147506345,더베이101
2025-05-01,0.695486785571347,더베이101
2025-06-01,0.8014209269262986,더베이101
2025-07-01,0.7761493399107138,더베이101
2025-08-01,0.7329358335191895,더베이101
2025-09-01,0.7622345557283218,더베이101
2025-10-01,0.7658653035175329,더베이101
2025-11-01,0.8271622655442762,더베이101
2025-12-01,0.8099510468165981,더베이101
2025-01-01,0.00016416067435781612,해운대해수욕장
2025-02-01,0.05936476030904704,해운대해수욕장
2025-03-01,0.06651260272126991,해운대해수욕장
2025-04-01,0.0947453312295521,해운대해수욕장
2025-05-01,0.14855765444513372,해운대해수욕장
2025-06-01,0.19107266759420094,해운대해수욕장
2025-07-01,0.24881945056576094,해운대해수욕장
2025-08-01,0.26461337099803406,해운대해수욕장
2025-09-01,0.12779251064510017,해운대해수욕장
2025-10-01,0.10853329951315628,해운대해수욕장
2025-11-01,0.1032482622515021,해운대해수욕장
2025-12-01,0.11586698867011909,해운대해수욕장
2025-01-01,1.4354853990938015,해운대블루라인파크
2025-02-01,1.6954431375859629,해운대블루라인파크
2025-03-01,1.7270283447771215,해운대블루라인파크
2025-04-01,1.8222401218412256,해운대블루라인파크
2025-05-01,1.5352126322019226,해운대블루라인파크
2025-06-01,1.4103818021050702,해운대블루라인파크
2025-07-01,1.3731084500779844,해운대블루라인파크
2025-08-01,1.2213310949366605,해운대블루라인파크
2025-09-01,1.5662349500639245,해운대블루라인파크
2025-10-01,1.6640878992512227,해운대블루라인파크
2025-11-01,1.7724315297686528,해운대블루라인파크
2025-12-01,1.7720440381582596,해운대블루라인파크
2025-01-01,0.20442066539828876,벡스코
2025-02-01,0.3550581990641101,벡스코
2025-03-01,0.2786504268419225,벡스코
2025-04-01,0.288042521639494,벡스코
2025-05-01,0.24843267792684828,벡스코
2025-06-01,0.2649088745230711,벡스코
2025-07-01,0.2698384415051256,벡스코
2025-08-01,0.242589565694025,벡스코
2025-09-01,0.27602952112102425,벡스코
2025-10-01,0.2800818823690853,벡스코
2025-11-01,0.30702009588639556,벡스코
2025-12-01,0.2527208148297424,벡스코
2025-01-01,0.7868239410178222,영화의전당
2025-02-01,0.29394057327528733,영화의전당
2025-03-01,0.5316656385541803,영화의전당
2025-04-01,0.5751606110173111,영화의전당
2025-05-01,0.6300088061356037,영화의전당
2025-06-01,0.5705396963635182,영화의전당
2025-07-01,0.6462140672679276,영화의전당
2025-08-01,0.6477573831899239,영화의전당
2025-09-01,0.5375110560840619,영화의전당
2025-10-01,0.5762431111342187,영화의전당
2025-11-01,0.511490842994891,영화의전당
2025-12-01,0.6541946695288076,영화의전당
2025-01-01,0.04210769767476623,장산
2025-02-01,0.03816799213050722,장산
2025-03-01,0.03491729343701039,장산
2025-04-01,0.04182758430073731,장산
2025-05-01,0.03911767397737269,장산
2025-06-01,0.03383208285483857,장산
2025-07-01,0.03791721682218748,장산
2025-08-01,0.03622166213415033,장산
2025-09-01,0.037197808171422896,장산
2025-10-01,0.03646154359092505,장산
2025-11-01,0.03193122256869813,장산
2025-12-01,0.027974648907187254,장산
2025-01-01,0.01715060852312685,송정해수욕장
2025-02-01,0.01752187258099982,송정해수욕장
2025-03-01,0.01621814864091274,송정해수욕장
2025-04-01,0.016981421035592328,송정해수욕장
2025-05-01,0.01671002990280051,송정해수욕장
2025-06-01,0.01667254539547382,송정해수욕장
2025-07-01,0.017795400438064733,송정해수욕장
2025-08-01,0.017623941601809353,송정해수욕장
2025-09-01,0.01621263594802599,송정해수욕장
2025-10-01,0.016363486583374148,송정해수욕장
2025-11-01,0.01623831206265491,송정해수욕장
2025-12-01,0.015888960129900157,송정해수욕장
